Workbook

Sheet Criteria
A1: Hudson Service Plaza: how many EV fast chargers? (fictional)
A2: Legend: blue = inputs (edit them and every answer recalculates); orange = the answer. Payoffs are annual profit in $000.
A4: Alternative | B4: Slow | C4: Moderate | D4: Fast | E4: Row max | F4: Row min | G4: Hurwicz | H4: Average | I4: Max regret
A5: 2 chargers | B5: 40 | C5: 60 | D5: 70 | E5: =MAX(B5:D5) -> 70 | F5: =MIN(B5:D5) -> 40 | G5: =$B$9*E5+(1-$B$9)*F5 -> 58 | H5: =AVERAGE(B5:D5) -> 56.666667 | I5: =MAX(B14:D14) -> 190
A6: 6 chargers | B6: 10 | C6: 110 | D6: 160 | E6: =MAX(B6:D6) -> 160 | F6: =MIN(B6:D6) -> 10 | G6: =$B$9*E6+(1-$B$9)*F6 -> 100 | H6: =AVERAGE(B6:D6) -> 93.333333 | I6: =MAX(B15:D15) -> 100
A7: 12 chargers | B7: -70 | C7: 100 | D7: 260 | E7: =MAX(B7:D7) -> 260 | F7: =MIN(B7:D7) -> -70 | G7: =$B$9*E7+(1-$B$9)*F7 -> 128 | H7: =AVERAGE(B7:D7) -> 96.666667 | I7: =MAX(B16:D16) -> 110
A9: Hurwicz alpha (optimism) | B9: 0.6 | C9: between 0 (maximin) and 1 (maximax)
A11: Regret table: best payoff in the column minus the payoff
A12: Best in column | B12: =MAX(B5:B7) -> 40 | C12: =MAX(C5:C7) -> 110 | D12: =MAX(D5:D7) -> 260
A13: Regret | B13: Slow | C13: Moderate | D13: Fast
A14: 2 chargers | B14: =B$12-B5 -> 0 | C14: =C$12-C5 -> 50 | D14: =D$12-D5 -> 190
A15: 6 chargers | B15: =B$12-B6 -> 30 | C15: =C$12-C6 -> 0 | D15: =D$12-D6 -> 100
A16: 12 chargers | B16: =B$12-B7 -> 110 | C16: =C$12-C7 -> 10 | D16: =D$12-D7 -> 0
A19: Criterion | B19: Choice | C19: Value
A20: Maximax | B20: =INDEX($A$5:$A$7,MATCH(MAX(E5:E7),E5:E7,0)) -> 12 chargers | C20: =MAX(E5:E7) -> 260
A21: Maximin | B21: =INDEX($A$5:$A$7,MATCH(MAX(F5:F7),F5:F7,0)) -> 2 chargers | C21: =MAX(F5:F7) -> 40
A22: Minimax regret | B22: =INDEX($A$5:$A$7,MATCH(MIN(I5:I7),I5:I7,0)) -> 6 chargers | C22: =MIN(I5:I7) -> 100
A23: Hurwicz | B23: =INDEX($A$5:$A$7,MATCH(MAX(G5:G7),G5:G7,0)) -> 12 chargers | C23: =MAX(G5:G7) -> 128
A24: Equal likelihood | B24: =INDEX($A$5:$A$7,MATCH(MAX(H5:H7),H5:H7,0)) -> 12 chargers | C24: =MAX(H5:H7) -> 96.666667
A26: Change alpha in B9: Hurwicz picks 2 chargers below 0.25, 6 chargers from 0.25 to 0.444 and 12 chargers above.

Sheet EV
A1: Decisions with probabilities: EV, EOL and EVPI
A2: Legend: blue = inputs (edit them and every answer recalculates); orange = the answer. Payoffs are annual profit in $000. Payoffs and regrets come from the Criteria sheet.
B4: Slow | C4: Moderate | D4: Fast | E4: Sum
A5: Probability | B5: 0.3 | C5: 0.5 | D5: 0.2 | E5: =SUM(B5:D5) -> 1 | F5: must equal 1
A7: Alternative | B7: Slow | C7: Moderate | D7: Fast | E7: EV | F7: EOL
A8: 2 chargers | B8: =Criteria!B5 -> 40 | C8: =Criteria!C5 -> 60 | D8: =Criteria!D5 -> 70 | E8: =SUMPRODUCT($B$5:$D$5,B8:D8) -> 56 | F8: =SUMPRODUCT($B$5:$D$5,Criteria!B14:D14) -> 63
A9: 6 chargers | B9: =Criteria!B6 -> 10 | C9: =Criteria!C6 -> 110 | D9: =Criteria!D6 -> 160 | E9: =SUMPRODUCT($B$5:$D$5,B9:D9) -> 90 | F9: =SUMPRODUCT($B$5:$D$5,Criteria!B15:D15) -> 29
A10: 12 chargers | B10: =Criteria!B7 -> -70 | C10: =Criteria!C7 -> 100 | D10: =Criteria!D7 -> 260 | E10: =SUMPRODUCT($B$5:$D$5,B10:D10) -> 81 | F10: =SUMPRODUCT($B$5:$D$5,Criteria!B16:D16) -> 38
A12: Best payoff in each state | B12: =Criteria!B12 -> 40 | C12: =Criteria!C12 -> 110 | D12: =Criteria!D12 -> 260
A14: EV choice | E14: =INDEX(A8:A10,MATCH(MAX(E8:E10),E8:E10,0)) -> 6 chargers
A15: Best EV (without information) | E15: =MAX(E8:E10) -> 90
A16: EV with perfect information | E16: =SUMPRODUCT(B5:D5,B12:D12) -> 119
A17: EVPI = EV with PI minus best EV | E17: =E16-E15 -> 29
A18: Smallest EOL (equals EVPI) | E18: =MIN(F8:F10) -> 29
A20: Raise P(fast) and lower the other two: EV switches from 6 to 12 chargers at P(fast) = 0.266 when slow and moderate keep their 3 to 5 ratio.

Sheet Study
A1: The market study: Bayes table, folded tree, EVSI
A2: Legend: blue = inputs (edit them and every answer recalculates); orange = the answer. Payoffs are annual profit in $000. Priors come from the EV sheet.
A4: Study cost ($000) | B4: 8
A6: State | B6: Prior | C6: P(F | state) | D6: P(U | state) | E6: Joint, F | F6: Joint, U | G6: Posterior | F | H6: Posterior | U
A7: Slow | B7: =EV!B5 -> 0.3 | C7: 0.2 | D7: =1-C7 -> 0.8 | E7: =B7*C7 -> 0.06 | F7: =B7*D7 -> 0.24 | G7: =E7/$E$10 -> 0.11111111 | H7: =F7/$F$10 -> 0.52173913
A8: Moderate | B8: =EV!C5 -> 0.5 | C8: 0.6 | D8: =1-C8 -> 0.4 | E8: =B8*C8 -> 0.3 | F8: =B8*D8 -> 0.2 | G8: =E8/$E$10 -> 0.55555556 | H8: =F8/$F$10 -> 0.43478261
A9: Fast | B9: =EV!D5 -> 0.2 | C9: 0.9 | D9: =1-C9 -> 0.1 | E9: =B9*C9 -> 0.18 | F9: =B9*D9 -> 0.02 | G9: =E9/$E$10 -> 0.33333333 | H9: =F9/$F$10 -> 0.043478261
A10: P(report) | E10: =SUM(E7:E9) -> 0.54 | F10: =SUM(F7:F9) -> 0.46
A12: Alternative | B12: EV | Favorable | C12: EV | Unfavorable
A13: 2 chargers | B13: =$G$7*Criteria!B5+$G$8*Criteria!C5+$G$9*Criteria!D5 -> 61.111111 | C13: =$H$7*Criteria!B5+$H$8*Criteria!C5+$H$9*Criteria!D5 -> 50
A14: 6 chargers | B14: =$G$7*Criteria!B6+$G$8*Criteria!C6+$G$9*Criteria!D6 -> 115.55556 | C14: =$H$7*Criteria!B6+$H$8*Criteria!C6+$H$9*Criteria!D6 -> 60
A15: 12 chargers | B15: =$G$7*Criteria!B7+$G$8*Criteria!C7+$G$9*Criteria!D7 -> 134.44444 | C15: =$H$7*Criteria!B7+$H$8*Criteria!C7+$H$9*Criteria!D7 -> 18.26087
A17: Decision after the report | B17: =INDEX(A13:A15,MATCH(MAX(B13:B15),B13:B15,0)) -> 12 chargers | C17: =INDEX(A13:A15,MATCH(MAX(C13:C15),C13:C15,0)) -> 6 chargers
A18: EV of that decision | B18: =MAX(B13:B15) -> 134.44444 | C18: =MAX(C13:C15) -> 60
A20: EV with the study, before its cost | B20: =E10*B18+F10*C18 -> 100.2
A21: EV without the study (EV sheet) | B21: =EV!E15 -> 90
A22: EVSI | B22: =B20-B21 -> 10.2
A23: EVPI (EV sheet) | B23: =EV!E17 -> 29
A24: Efficiency = EVSI / EVPI | B24: =B22/B23 -> 0.35172414
A25: EV with the study, net of its cost | B25: =B20-B4 -> 92.2
A26: Gain from buying the study | B26: =B25-B21 -> 2.2
A28: Decision | B28: =IF(B26>0,"Buy the study","Skip the study") -> Buy the study
A30: Subtract the cost once: EVSI is measured before the cost and compared with it. The study is worth buying when EVSI exceeds its cost, here 10.2 against 8.
